Tiktoker name,Subscribers count,Views avg.,Likes avg,Comments avg.,Shares avg
ekin.721,221.7K,26M,2.8M,29.4K,116.4K
dojacat,22.2M,25.4M,5M,36.7K,46.8K
kiet.ac.quy,20.7M,3.5M,38.8K,33.9K,
charlidamelio,135.4M,18.7M,2.6M,54.7K,35.2K
luvadepedreiro,11.4M,24.8M,2.6M,32.7K,26.8K
badbunny,16.1M,17.6M,4M,28K,26.2K
khaby.lame,135.2M,17.7M,2.3M,18K,11.2K
leomahalo,6.8M,19M,2.2M,11.8K,14.4K
swagboygorringe,5.6M,9.9M,1.8M,25.3K,35.9K
jennmelon,2M,11M,2.3M,15.1K,24.5K
jounggustav,1.9M,16.4M,2.2M,9.9K,13.4K
txt.bighitent,16.2M,7.7M,1.8M,33.2K,12.2K
pongamoslo_a_prueba,30.4M,16M,2.5M,6.3K,7.3K
bdylanhollis,7.6M,8.6M,1.6M,11.5K,20K
lyczak,1.5M,11.8M,1.4M,16.1K,8.6K
juandamc,17.1M,7.5M,1.7M,9.1K,19.5K
lifeinanimati0n,745.2K,6.2M,1.1M,8.8K,40.2K
zlusha,2M,7.2M,1.1M,12.9K,29.5K
amauryguichon,5.4M,11M,1.6M,5.8K,13.3K
eupereiraoficial,4.6M,12.2M,1.2M,5.7K,11.5K
druskitv,3.2M,6.4M,1.2M,7.7K,25.9K
adrianbliss,5.2M,7.7M,1.5M,5.4K,16K
kimberly.loaiza,61M,9.9M,1.3M,14.1K,4.5K
deborahyowa,10.3M,12.6M,688.7K,17K,9.1K
nekoglai,9.4M,8.5M,982.3K,22.5K,4.4K
domelipa,50.7M,7.9M,1.2M,17.3K,6.2K
diego.cr_,238.1K,9.1M,845K,9.1K,19.5K
addisonre,87.3M,9.3M,1.2M,13.4K,5.9K
mastertingus,1.5M,4.2M,859.2K,25.1K,33.8K
santandave,1.1M,6.2M,1M,21.3K,12K
machinegunkelly,3.4M,10.8M,822.6K,13.7K,9K
bellapoarch,88.5M,11.1M,1M,14.3K,1.6K
daddyyankee,10.4M,6M,696.3K,18.1K,20.6K
official_nct,7.3M,3.2M,1.2M,23.1K,17.6K
zeth,10.8M,6.6M,1.3M,4.1K,12.8K
larrayeeee,25.6M,5.4M,1.2M,17.6K,4.1K
mrbeast,34.7M,6.8M,1.1M,16.1K,1.5K
jypestraykids,10.8M,2.9M,1.1M,27.6K,12K
iamferv,26.1M,7.8M,1.1M,10.3K,3.8K
nicocaponecomedy,20.3M,11.8M,691.8K,3.9K,10.2K
honeybobabear,7.8M,10.1M,1.4M,5K,2.4K
masondenverr,2M,4.4M,1.2M,7.3K,11.3K
nicoletv,10.2M,6.1M,999.3K,4.9K,10K
aquajock_h2bro,509.7K,5.4M,966.4K,5.4K,10.6K
terryreloaded,3.9M,4.9M,1M,6.3K,10.2K
soysuco,9.6M,6.3M,999.5K,11.1K,2K
itzyofficial,7.3M,4.7M,1.2M,10.4K,3.6K
oldtimehawkey,5.1M,4.8M,831.6K,11K,7K
missionaryjack,3.3M,8.3M,837K,4.9K,5.5K
conormaynard,6.2M,5.8M,794.3K,8.9K,6.6K
conormaynard,6.2M,5.8M,794.3K,8.9K,6.6K
itssassagurl,5.3M,6M,969.6K,6.2K,6K
terryreloaded,4M,4.4M,955.3K,6.2K,9.4K
jimmydarts,8.1M,5.3M,893.4K,10.3K,2.9K
alshad95,1.6M,7.3M,761.9K,6.2K,5K
bayashi.tiktok,24.1M,7.7M,958K,5.8K,2.5K
rosalia,18.3M,9.8M,978.5K,3.8K,2.3K
daniel.labelle,25.5M,4.6M,754.9K,5.5K,11.8K
masonmount,2.8M,4.8M,806.9K,9.9K,5.1K
theandrewschulz,3M,4M,602.2K,2.2K,21.6K
activesufi,364.6K,13.8M,1.1M,2.2K,1.5K
hayleygeorgiamorris,2.9M,4.6M,586.9K,1.9K,18.4K
lilnasx,27.7M,5.7M,804.6K,9K,3K
willsmith,67.4M,6.9M,658.5K,10K,2K
clarissaperezlara,129.5K,3.9M,370K,2.7K,34.2K
spriteder_spd,2.7M,8M,924.8K,3.7K,3.5K
paytonking,5.1M,2.8M,685.4K,11.8K,15.8K
lexibrookerivera,21.1M,7M,937.4K,6.2K,1.9K
snoopdogg,19.7M,7.4M,647.2K,6.6K,4.3K
tuckerbudzyn,10.1M,4M,638.6K,3.3K,16.7K
jaykindafunny8,23.3M,9.6M,685.7K,2.4K,5.2K
solsito.pe,80.2K,3.5M,503.1K,10.6K,17.8K
jake2r,2.1M,2.8M,739.6K,5.2K,17.1K
thejoeyswoll,2.4M,5.3M,804.5K,8.4K,2.5K
kallmekris,43.3M,5.4M,988K,5.5K,3.1K
jdpantoja,26.8M,4.8M,942.2K,8.7K,1.3K
datvilla94,5.2M,5.7M,659.1K,8.1K,3.1K
haileybieber,7.7M,5.7M,810.5K,6.3K,2.7K
big.johns,140.3K,3.1M,476.5K,18.4K,8.7K
cleanpuppy,1.7M,4.8M,980.2K,5.7K,2.9K
arabstay,219K,2.6M,770.2K,11.7K,8.2K
aitch12,1.8M,5.3M,421.1K,7.6K,9.8K
doctorgraves,2.7M,5M,879.7K,2.8K,5.9K
fredziownik_art,11.8M,6.3M,781.9K,6.5K,1.2K
vibin.wit.tay,3.3M,3.3M,689.4K,4K,12.6K
cedriklorenzen,2.1M,4M,457K,7.9K,12.4K
vanessalopesr,21.3M,5.9M,637.1K,6.4K,2.9K
rustam_mayer_djavid,4.3M,7.8M,390.8K,1.6K,9.7K
soojinicoreana,17.3M,6.5M,1M,3.9K,1.4K
jinisprotips,713.7K,3.7M,467.6K,6.9K,12.9K
esen_alva,3.1M,3.3M,536.3K,3.3K,15.5K
drew.nori,4.7M,8.1M,387.9K,9.7K,733
wuesilva,11.8M,4.5M,584K,10.6K,1.8K
thallyssonsb,8.5M,3.6M,629K,6K,8.2K
natemyburgh,306.4K,3.4M,724.9K,3.6K,9K
soso_aroundtheworld,109.8K,3M,420K,10.8K,13.2K
newboyjosh,340.5K,4M,445K,6.4K,10.4K
initiaraandini,4.1M,7.4M,651.6K,4.4K,1.8K
iamkevingates,2.1M,3.5M,413.6K,9.4K,11.3K
max7424453118,2.8M,3.5M,572.6K,5.2K,9.5K
danya_milokhin,16.5M,6.3M,733.2K,4.6K,1.7K
samanthalogan,1.8M,6M,840.9K,3K,2.8K
jakekrantz1,2.1M,3.6M,772.3K,3.2K,7.1K
fujiiian,12.7M,6.2M,760.4K,3.4K,2.6K
vincentmarcus,2.5M,10.7M,250.4K,2.3K,8.2K
hongthanhofficial,1.3M,7.7M,675.6K,2.7K,2.7K
kervo.dolo,7.5M,3.9M,606.4K,4.4K,7.1K
zachjustice,3.9M,6M,793.7K,1K,4.6K
qamar_altaey,3.6M,348K,10.2K,10.8K,
fortnitekanal.exe,1.4M,2.2M,539.4K,14K,7.8K
m.wardy_14,67.6K,1.9M,465.5K,3.8K,24.8K
ynchq,3.7M,3.9M,645.1K,4.1K,5.8K
nilered,8.7M,4M,725.8K,5.4K,3.2K
besttoks,2.2M,17.4M,451.6K,1.1K,2.1K
miketoks,11.6M,6.2M,599.7K,2.5K,4K
tiktokmena,5.7M,39.5M,179.2K,1.2K,2.2K
eyavanana,10.8M,4.6M,725.3K,5K,2.1K
john.leitao,2.7M,4.3M,380.9K,7.8K,6.4K
brunodiferente2022,4M,6.6M,116.7K,6K,22.4K
sugarcoatedsisters,320.3K,3.2M,523.8K,2.6K,10.5K
hesfinatia,8.3M,8.6M,936.9K,1.8K,837
vadik_dikiy,914.8K,3.2M,489.1K,2K,11.8K
championsleague,11.6M,3.6M,628.3K,4.2K,5.1K
esnyrrr,4.4M,3.5M,645.3K,4.5K,4.8K
savanahmosss,9.3M,4.5M,703K,4.1K,2.5K
dindahw14,3M,7.9M,689.2K,2K,1.8K
joshiiwuhhh,3.2M,2.9M,555.5K,3.7K,8.8K
j3ipy_,7.8M,4.3M,760.7K,3.3K,2.8K
morganpresleyxo,5.3M,4.8M,638.5K,3.1K,3.5K
skaijackson,19.7M,5.2M,824K,3.1K,1.5K
ssmaaaryy,6.8M,6.4M,586.3K,2.8K,2.4K
vhackerr,13.9M,2.9M,593.7K,7.8K,3.6K
tranvantre992,759.3K,9.1M,472.9K,3.7K,799
jwaltonnn,1.7M,369.4K,28K,2.5K,
kubenjoy,3.5M,4.2M,476.3K,5K,4.5K
jdiasss_,7M,3.5M,817K,4.5K,2K
evcnoble,9.8M,3.4M,844.5K,3.2K,3.4K
victormelo,19.4M,4.6M,642.2K,3.8K,2.4K
emilen_im,4M,5.3M,663.1K,4K,1.2K
ehlija,3.3M,4M,506K,4.7K,4.3K
thoriqhal,3.8M,5.8M,662K,2.4K,2.2K
afgsuga,161.7K,3.3M,490.3K,4.1K,6.8K
jen_wolff,187.6K,2.9M,371.6K,5.7K,10.5K
tubbynugget,3.5M,2.6M,518.2K,2.1K,10.8K
rescuerestore,1.5M,9.2M,430K,1.5K,2.9K
baddest4bitches,1.5M,2.5M,580.2K,8.5K,3.4K
_itsstefano_,4.4M,4.6M,553.8K,5.8K,856
guryan_off,2.6M,3.3M,479.5K,3.1K,7.7K
thebenjishow,5.5M,3.4M,549.6K,3.8K,5.2K
mikaelatesta,1.7M,4.3M,960.3K,3.3K,749
grillervm,2.9M,4.3M,549.3K,2.9K,4K
riaricis,25.5M,5.5M,665.1K,2.2K,2.1K
lizzza,29.4M,5.2M,1.2M,1.9K,616
elmarianaa,6.5M,3.8M,834.8K,1.6K,3.3K
somi_official_,6.1M,3M,746.3K,4.6K,2.3K
craggygames,306.8K,7M,189.3K,726,10.9K
gritside,3.6M,3.5M,446.4K,1.5K,8.3K
charlieputh,16.1M,3.5M,509.1K,5.8K,2.6K
spencer_serafica,12.3M,4M,663.2K,4.1K,1.6K
mikaylahau,4.2M,3M,386.4K,9.9K,3.2K
kevinprieto077,1.8M,3.8M,589.3K,3.4K,3.1K
christianfabiannn,12M,4.8M,733.2K,3.7K,398
brotherofcolor,12.7M,5M,609.5K,3.6K,1.1K
gavrilinaa,16.3M,3.9M,522.2K,4K,3K
phun.anh,2.7M,6.8M,374.2K,3.8K,1.7K
tooturnttony,15.6M,5.4M,464.6K,2.8K,2.8K
baimwong,7.5M,5.1M,392.4K,3.7K,3.3K
maxtaylorlifts,7.6M,3M,529K,4.4K,4.5K
kimberly11sofia,1.9M,208K,27K,7.8K,
lourdasprec,8.7M,2.4M,592.1K,5.3K,4.3K
katiavlogss,13.8M,4.6M,638.2K,3.5K,1.1K
itslennnie,1.9M,1.9M,319.2K,2.4K,20K
couragejd,3.1M,3.4M,391.5K,2.9K,7.1K
karimmahmoudabdelaziz,3.4M,5.3M,375.6K,2.5K,4.1K
jbdjebb,1.1M,2.9M,448.6K,6.2K,3.8K
dailymug69,4.2M,4.1M,544.2K,5.6K,251
superfirsthero,1.6M,2.8M,526.1K,4.4K,4.5K
cookingwithlynja,9.9M,5.2M,649K,2.5K,1.4K
gordonramsayofficial,31.7M,5.7M,557.2K,3.2K,835
nabela,7.2M,5.4M,627.1K,2.6K,1.2K
alexwaarren,15.2M,4.6M,769K,1.3K,2.3K
ayesebastien,7.2M,3.1M,565.3K,2.8K,4.6K
jamie32bsh,7.1M,5.8M,313.6K,4.7K,2.2K
maxthemeatguy,3.8M,6.2M,681.9K,1.7K,1.2K
andy.and.michelle,3.7M,3.1M,438.1K,2.8K,6.1K
realmsp,349.1K,4.9M,771.9K,2K,1.1K
gameofthrones,647.3K,3M,359.5K,1.9K,9K
ameliadimz,1.3M,3.7M,529.8K,4.1K,1.8K
chris,7.2M,6.1M,712.1K,1.6K,1.1K
isaach.p,1.6M,2.4M,230K,11K,9.7K
billlnai,8.4M,3.1M,797.1K,3.2K,1.4K
samseats,8.7M,3.6M,618.5K,2.8K,2.2K
soysuco_ff,3.7M,3.4M,430.5K,6.6K,981
gaynadia,287.9K,2.2M,583.8K,4.4K,4.1K
thatlittlepuff,25M,5.1M,612.9K,1.4K,2.1K
lachama4_ff,2.9M,477K,7.3K,693,
envydo,198.7K,1.8M,476.1K,9.2K,3.3K
k1lauea,128.2K,1.8M,451.4K,9.1K,3.7K
noreportar08,265.3K,4M,104.9K,11.1K,12.9K
elrodcontreras,40.1M,3.3M,521K,4.8K,1K
k1lauea,128.2K,1.8M,451.4K,9.1K,3.7K
noreportar08,265.3K,4M,104.9K,11.1K,12.9K
elrodcontreras,40.1M,3.3M,521K,4.8K,1K
kpp2179393999,6.5M,345.5K,1.3K,3.2K,
elgato,3.2M,3.3M,454K,4K,2.7K
carolfermichh,6.2M,4.3M,664.8K,2.4K,1.1K
montpantoja,32.3M,3.5M,652.5K,3.2K,1.2K
mmmjoemele,21M,4.3M,608.4K,2.2K,1.5K
1xgoku,74.8K,1.9M,345.6K,2.5K,12.2K
anthonnyswagg3,8.5M,8.1M,469.6K,1.7K,797
bjjojo_,61.6K,2M,354.5K,6.2K,7.3K
uberkuloz,1M,5.2M,394.7K,2.1K,2.5K
nilskue,9.5M,2.6M,515.4K,5.2K,1.8K
mcsilsiloficial,5.8M,2.6M,201.7K,4.7K,13.7K
labrinth,924.9K,4.2M,416.9K,3.4K,1.9K
oilywhitehat,197.3K,5.5M,373.5K,3.1K,1.4K
jacksepticeye,4.2M,2.9M,512.7K,4.3K,1.9K
marisol.viola,1.1M,2.6M,504.8K,4.1K,3.1K
strangehumano,7.8M,3.2M,386.3K,4.5K,3K
playboyjuju,259.4K,3.3M,291.2K,5.5K,4.2K
itsjessibaby,5M,3.1M,738.5K,3.2K,835
bbykevv_,1.6M,3.2M,633.1K,2.1K,2.4K
nykolasteles,3.8M,2.7M,368.8K,5.8K,3.4K
morimura,6.4M,2.2M,483K,4.4K,4.1K
danisoomin,8.4M,3.4M,492.7K,4.1K,1.2K
tenderlybaemusic,14.4M,3.6M,409.5K,4.6K,1.5K
ig_alongwiranda,880.7K,3.2M,129.4K,1.2K,20K
crisdevilgamer7,4.5M,3.5M,388.1K,5.2K,1.2K
meishmoe,3.9M,2.5M,534.5K,2.4K,4.1K
maylathanzin,1.9M,3.5M,417.6K,1.2K,4.7K
zuuzina,1.2M,2.7M,342.4K,4.2K,5.1K
jennifergarner,2.1M,3.4M,315K,5.6K,2.4K
seventeen17_official,3.9M,1.5M,375.9K,11.1K,4.1K
meosimmyyt,3.9M,2.7M,367.1K,7.1K,1.5K
mariabecerra_22,6.1M,3.2M,553.9K,3.6K,1.2K
frostech,321K,3.4M,411K,1.5K,4.6K
p0_2,1.7M,4.9M,233.7K,6K,1.5K
joelbergs,11.2M,3.4M,636.3K,1.7K,2.2K
euro2024,6.8M,2.5M,407.3K,2.9K,5.4K
daz_black,7M,2.3M,506.4K,4.3K,2.9K
claragnds,16M,2.8M,401.5K,5.2K,2.1K
desartdestro,7.8M,5.4M,368.3K,2K,2.1K
camilacabello,15.3M,5.2M,321.8K,2.8K,2K
berkcoskunofficial,3.5M,5.6M,194.2K,2.9K,4.5K
ser.geybin,1.7M,3.8M,383.5K,2.2K,3.3K
anthpo,688.3K,1.7M,414.2K,4.7K,6.9K
erikarichardo,7.9M,4.6M,578.7K,2.5K,472
thegnshow,1.2M,4.9M,491K,807,2.5K
cx_.q,2.1M,3.9M,234.7K,3.1K,5.4K
owen.han,1.5M,4.8M,376.2K,1.2K,3.1K
keniaos,13.7M,2.2M,371.2K,7.5K,2K
angryreactions,25.8M,2.8M,406.2K,6.2K,680
saraecheagaray,7M,3.6M,700.7K,2K,1K
ana_eusse,10.5M,4.4M,665.5K,2.1K,560
ani__mel,798.6K,1.9M,359.7K,2.7K,8.5K
julianjacob,1.2M,3.8M,496.5K,2.4K,1.6K
averywit,1M,5.4M,724.1K,1.6K,293
buithanhtuyen2003,1.8M,1.6M,228.8K,18.5K,1.9K
emilythetrimmer,492.6K,5.8M,267.9K,1.7K,3.1K
fabru_blacutt,17M,5.3M,544.8K,1.9K,642
yoangelolo,1.2M,2.4M,224.3K,12.2K,1.5K
virginiafonseca,30.6M,4.4M,566.4K,2.3K,679
haritsuuu,1.3M,4.1M,158.1K,4.9K,6.4K
thekapelariz,1.1M,2.8M,464.2K,3.5K,2.1K
camavinga,1M,3.3M,522.3K,2.5K,1.6K
feezius,2.1M,4M,525.8K,2.8K,654
lights.are.off,18.7M,2.9M,292.7K,6.3K,2.1K
benjaminmaissecret,174.4K,7M,39.2K,24K,1.7K
calebrownn,5M,2.7M,459.5K,1.5K,4.2K
realuser_1,1.6M,4.1M,411.5K,2.5K,1.7K
anas_elshayib,3.6M,4.6M,194K,6.1K,1.8K
caleb.finn,3.5M,691.5K,2.5K,428,
hi_arvans,201.4K,1.3M,320.3K,1.2K,15.5K
theestallion,10.9M,1.9M,499.7K,4.4K,2.9K
rubentuestaok,12.3M,4.5M,418.3K,1.1K,2.6K
kingbach,26.3M,3.1M,582.2K,1.8K,2K
rdcworld1,2.8M,1.8M,336K,2.3K,9.1K
anna..paull,3M,2.8M,655.6K,2.9K,838
drewafualo,6.8M,2.2M,446.5K,5.1K,2.1K
scottkress_,2.9M,1.5M,402.7K,7.4K,4.1K
dixiedamelio,57.2M,4.4M,275.2K,4.6K,1.1K
nianaguerrero,30.5M,3.2M,493K,2.7K,1.7K
benoftheweek,10.6M,3.5M,512.8K,3.1K,722
maiaknight,8.1M,3.5M,628.8K,2.5K,647
theovon,1.4M,2.4M,230.6K,2.7K,9.8K
abbieherbert,12.2M,4.6M,619.2K,1.6K,772
yazidoe,958.9K,2M,297.4K,2.8K,8.4K
loewhaley,1.4M,2.5M,232K,1.2K,10.6K
georgieanthony,2.2M,1.8M,294.3K,3K,9.5K
.blue_devil,4.8M,486.4K,1.5K,1.3K,
ya_gazdanova,3.4M,3.7M,184K,932,8.8K
piperrockelle,9M,2.4M,275.4K,9.3K,517
incorrectlyroce,5M,3.1M,499.5K,1.9K,2.2K
wayeelkaboy10,852.4K,3.7M,169.6K,5.6K,4.3K
joaoferdnan,7.4M,2M,238.5K,4.2K,9.1K
simpleputin,6M,3.1M,157.9K,10.6K,2.2K
chapaevva,1.9M,3.8M,347.7K,2.9K,1.7K
lyna_com,4.4M,3.4M,451.3K,3K,1.1K
arigameplays,19.3M,2.6M,444.6K,4.5K,915
tommyinnit,11.5M,1.5M,432.1K,7.6K,1.9K
arigameplays,19.3M,2.6M,444.6K,4.5K,915
tommyinnit,11.5M,1.5M,432.1K,7.6K,1.9K
alexisomman,9.2M,1.6M,330K,5.1K,6.5K
samadhiza_,7.4M,3.7M,418.3K,2.1K,1.8K
joerauth_,4.9M,2.9M,463K,1.6K,2.9K
danielarodrice,9.9M,4.2M,735.7K,1.5K,391
official_kep1er,3.5M,1.8M,395K,5.5K,2.7K
sucss.s,9.7M,2.6M,468.1K,3K,1.9K
veydi_rush,8M,2.9M,456.8K,2.6K,1.8K
davidsiwonchoi,1.9M,1.3M,314.3K,8.6K,5.6K
livvy,5.1M,2.7M,316K,4.9K,1.8K
catherineealicia,1.3M,2.3M,306.4K,5.9K,2.2K
bonjee,1.8M,1.8M,382.9K,2.5K,5.9K
tuckercomedy,2M,1.6M,225.2K,2.9K,12.7K
jennifer_aplicano,1M,2.5M,248.5K,3.7K,5.4K
qonitcah,1.4M,3.1M,277.5K,4.4K,2K
carolcastromx,9.7M,3.4M,564.2K,2.4K,508
vorostwins,2.6M,2.7M,344.1K,3.8K,2.1K
tiagodionisio,5.5M,2.4M,227K,1.1K,8.9K
magic_daniell,9M,4.5M,503.4K,2K,427
3tl.team,1.6M,4.4M,380.9K,2.7K,493
nessaabarrett,17.9M,2.8M,338.2K,3.8K,2K
saeemm2002,4.1M,1.8M,396.9K,4K,3.6K
nate.dawg.com,230.2K,2.4M,434.5K,3.3K,1.9K
larissagloor,2.6M,2.9M,489.4K,2.4K,1.3K
xshueur,256.6K,2.4M,186K,0,11.7K
cleanpuppy,1.7M,3.6M,617.4K,1.7K,612
tootymcnooty,7.3M,1.5M,401.1K,2.2K,6.4K
miakhalifa,32.5M,3.7M,340.3K,3.5K,644
notraymodeli,1.9M,1.8M,404.3K,2.7K,4.3K
axelwebber,4.2M,2.4M,544.7K,3.4K,522
baebyshaa,324.6K,3M,650.3K,1.4K,1.2K
momonatamada,3.7M,2.7M,489.4K,3.3K,473
nikkietutorials,5.1M,4.3M,536.6K,1.2K,987
spicyycam_,18.2M,3.5M,428.1K,3K,295
sa_ro01,3.4M,3.3M,265.9K,4.6K,1.1K
byniaromero,10.4M,4M,531.1K,2K,291
_vqsngi.03_,87.7K,2.6M,367.5K,3.3K,1.8K
oblomoffrecipe,5.3M,3M,271.8K,1.2K,4.8K
yg_treasure_tiktok,3.5M,1.7M,355.3K,4.1K,4.2K
luq_music,165.7K,2M,237K,5.9K,4.3K
bradtheboxer,2M,2.5M,216.7K,3.6K,5.3K
ftedooda,23.5K,1.2M,219.4K,2.8K,16.4K
kurtisconner,1.8M,2.2M,465.8K,3.1K,1.5K
maskrayy1,4.5M,7M,280.9K,1.2K,1.2K
babybella777,4.4M,3M,504.5K,2.6K,614
trainee_a,2.7M,1.3M,384K,5.3K,4.2K
texasbushman,1.2M,2.4M,242.6K,1.5K,6.7K
ugolord,5.3M,2.8M,281K,5.6K,497
fedevigevani,12.6M,2.7M,370.4K,4K,721
nam_patcharaporn,656.5K,2.2M,374K,3K,2.6K
endomarf,517.2K,1.7M,516.5K,3.4K,2K
dasigantung,5.1M,3.5M,497.8K,1.5K,1.2K
llucastorresg,831.4K,1.5M,328.5K,4.5K,4.9K
bungalow_jonathan,251.2K,1.5M,116.6K,994,25.1K
.aidenbeaudry,483.3K,2M,344.8K,3.1K,3.5K
cbum,2M,2M,389.1K,2.6K,3.2K
rebeccazamolo,16.8M,2.3M,233.9K,7.9K,701
farrelhkeem,179.1K,1.8M,292.9K,2.1K,6.4K
cellat36,8.2M,2.4M,212.3K,6.4K,2.4K
clexxd,8.9M,2.4M,227.3K,8.1K,118
yodeege,905.9K,2.3M,366.9K,1.9K,3.5K
brentrivera,42.8M,2.6M,492.8K,3K,433
herranwalt,5.3M,2.2M,302.7K,3.8K,3K
europaleague,2.1M,2.8M,346.8K,2K,2.5K
danivallem,3.9M,1.6M,130.5K,1.1K,19.9K
nourmar5,14.3M,1.3M,145.9K,13K,10.1K
nada_m7amed,5.8M,3.4M,281.2K,2.3K,2.3K
ox_zung,41.1M,2.8M,399.4K,3.2K,727
thor.aya,1.5M,2.7M,468.3K,2.1K,1.3K
caocuongvu,3.4M,2.9M,346K,3.1K,1.3K
renpc_,1.7M,318K,2.4K,5.6K,
julesleblanc,18.6M,2.9M,657.5K,1.8K,516
alexhook2303,4.3M,1.3M,253.6K,10.8K,2.3K
laurahfritz,2.5M,2.2M,400.8K,1.5K,3.3K
corvii_ff,10.5M,2.5M,427.7K,3.8K,215
gabimfmoura,7.7M,2.6M,381.3K,1.9K,2.4K
bottleofdjinn,706.3K,2.8M,582.7K,1.6K,1.1K
mohmadtra,1.8M,4.4M,304.7K,2K,1.2K
respectme90,658.1K,2M,243.1K,3.7K,5K
soycintiacossio,4.1M,5.7M,480K,702,838
thegoodhype,1.7M,2.5M,443.5K,1.6K,2.2K
carolvillanes,4.1M,1.8M,312.3K,7K,458
just_jenoah_,1.4M,2.4M,488.5K,1.5K,2K
datdo0803,6.5M,4.6M,368.8K,1.7K,732
robgronkowski,2.4M,2.4M,332K,1.7K,3.5K
___nicoichi___,2.7M,288.9K,3.2K,2.1K,
pablitocastilloo,4.5M,1.8M,225.6K,1.4K,9K
iamjonathanpeter,12.7M,3.2M,379K,999,2.4K
meowlife7,876.4K,2.3M,311.5K,1.6K,4.1K
pimpiriya1,1.3M,2.9M,567.9K,1.2K,1.3K
ferchugimenez,4.3M,3.3M,456.5K,1.4K,1.3K
homm9k,39M,2.8M,385.8K,3K,752
mndiaye_97,14.2M,2.2M,411.9K,2.3K,2.2K
linatejeiro8,4M,4M,295.9K,992,2.4K
www.m4th.com,6.9K,1.3M,309.2K,6.5K,3.5K
dovecameron,9M,1.8M,380.5K,4.5K,1.3K
sjbleau,12.3M,3.6M,420.3K,1.7K,914
ginescorreguela,776.4K,2.8M,140.5K,2.6K,7.7K
mrzeooficial,16.1M,2M,251.1K,2K,5.9K
stellajero16,1.2M,1.1M,265.7K,10.9K,2.5K
teokun711abc,2.8M,317.6K,1.8K,2.6K,
ajo.ozil,900K,6.4M,250.8K,825,1.6K
mr_paul.boy,7.2M,2.2M,426K,3K,1.1K
rblx.dreyzon,1.3M,1.9M,234K,7.4K,1.2K
mattiastanga,2.3M,1.6M,242.4K,1.3K,8.6K
hannahbahng,1.9M,1.5M,471.3K,4.1K,1.3K
haositofficial,1.2M,1.7M,344.6K,5.6K,936
kdramas_klis,2.8M,368.5K,1.4K,2.3K,
mhc_f_f,1.1M,1.7M,269.9K,1.4K,7K
yurielkysojeda,12.2M,4M,481K,1.3K,667
elsalsely00,4.3M,4.6M,177.2K,612,4K
mayanelsayed,3.5M,4.4M,263.5K,1.2K,2.1K
wasyanka,2.5M,1.7M,124K,1K,16.8K
vidhia_r,4.4M,2.7M,290.6K,3.2K,1.6K
com.yamato0515,1.7M,2M,271K,4.9K,1.9K
kaylamalecc,6.6M,2.2M,363.1K,4.4K,267
munchieslab,2.7M,2.4M,180.5K,796,7.6K
albert_cancook,4M,4.2M,403.4K,1.4K,712
juaniquilador,8.6M,2M,452.2K,1.6K,2.5K
cerenyaldz,9.2M,2.2M,164.5K,8.5K,1.3K
thedannyphantom,80.1K,1.9M,177.1K,7.8K,2.7K
cindylauw,148.6K,2.2M,323.9K,4.5K,439
gehadhassann,7.3M,1.4M,177K,3.5K,10.7K
dudamaryah,4.1M,3M,340.7K,2K,1.4K
the.revival,392.8K,2.2M,283.8K,1.2K,4.4K
gavinmagnus,5.2M,2M,254.9K,6.4K,412
ermmm.umm,2.1K,1.9M,254.5K,2.3K,4.8K
thegerbers_,5.3M,3.7M,375.3K,2.1K,344
hiagodosvideos,1.2M,2.6M,365.4K,2K,1.6K
andweaso,5.9M,3M,542.1K,1.2K,884
luisvelody,6.2M,3.3M,459.9K,910,1.3K
yoshi30244781481,3.9M,4M,409.6K,1.2K,837
the_joe_gatto,6.5M,2.9M,247.7K,1.4K,3.2K
frankielapenna,1.8M,4.9M,411.7K,735,943
.diana__tc,2.9M,3.2M,348.7K,1.9K,1.1K
matsudake,4.7M,8.1M,199.8K,1.2K,833
anokhinalz,35.6M,2.8M,374K,2.8K,379
mranto,8.2M,6.5M,274.7K,1.3K,570
iheartmemphis,12.5M,4.3M,260.2K,2.3K,687
sobrevivente13,4.1M,2.2M,188.3K,1.7K,6.2K
pam_a_cake,4.1M,3.5M,487.4K,1.6K,334
ardkth,1.3M,1.1M,350.4K,2K,6.5K
cemresolmaz,10.2M,2.2M,180.9K,7.2K,976
philipdefranco,1.9M,2.5M,319.2K,2.8K,1.3K
otakoyakisoba,14.1M,2.8M,278.8K,1.8K,2.3K
freeritzyralph,1.4M,1.5M,375.4K,3.3K,2.4K
jhothsa,12.3M,1.7M,224.7K,1.7K,6.7K
icebox,6.2M,3M,277.2K,3.3K,517
tatiana1964_2,31K,1.7M,12.4K,207,151.8K
nmixx_official,1.1M,1.6M,318.5K,4.2K,2.1K
bmbsh7,3.8M,1.8M,289.5K,3.8K,2.3K
jackjos3ph,2.4M,1.4M,246.3K,3.5K,5.7K
bikedasher,2.2M,3.3M,370.4K,2.2K,427
benjikrol,30.3M,2.4M,338.9K,3.4K,488
djmariio,983.8K,2.2M,329.2K,1.3K,3K
reeh__augusto,3.7M,2.1M,371.8K,2.5K,1.6K
onlyjayus,17.6M,2.3M,344.7K,2.6K,1.3K
sabrinacarpenter,12M,2.2M,298.8K,2.8K,1.9K
barbaracoura,8M,2.4M,384.3K,2.2K,1.2K
ngikuttrendaja,192.8K,3.7M,304.5K,1.5K,1.2K
rayssabuq,5.4M,1.8M,326.8K,2.6K,2.6K
olisboa,612K,3M,505K,944,1.1K
mimiermakeup,14.5M,2.7M,448.6K,2.2K,367
verycooll_real,1.4M,3.1M,234.5K,1.3K,3K
just.hamilton,2.3M,1.7M,271.6K,2.9K,3.9K
michou_yt,6.7M,3.6M,256.4K,2.8K,456
gregisms,2.2M,975.5K,168K,6.7K,11.6K
butt.erhand,176.4K,2.2M,201.5K,514,6.2K
gbandme,5.7M,1.6M,250.1K,4.8K,2.7K
fransfaisal_real,272.9K,2.5M,278.8K,3.3K,926
officialjellyroll,2.4M,2.3M,290.8K,2.6K,1.8K
lossiblings_,23.6M,2.8M,396.9K,1.8K,863
davidgetial,13.3M,3.2M,439.4K,1.8K,302
zodiac.boyfriend,1.6M,1.6M,219.7K,3.6K,4.7K
michellerenaud,2.3M,4.2M,357.8K,1.1K,801
kelvin__silvaa,3.4M,2M,163.6K,1.1K,7.7K
user4350486101671,16.2M,1.6M,302.3K,4.7K,1.3K
jeison_giraldo,24.6M,3.4M,426.5K,1.7K,300
chrisdelia,1.7M,1.8M,268.5K,643,5.5K
lightskinkeisha,1.9M,2M,303.2K,1.2K,3.5K
larasilvan,15.9M,1.8M,351.3K,3.4K,1.1K
la_lerma,11.6M,2.7M,354.3K,1.2K,1.8K
duolingo,3.4M,1.5M,281.1K,4.5K,2.3K
danythegaggio,2.7M,1.4M,214.2K,1.7K,7.8K
dari_wadha_home,1.4M,2.9M,182.1K,2.4K,2.9K
pkllipe,16.5M,2.2M,383.9K,1.6K,1.8K
aloserishere_,159.4K,1.1M,165.5K,6.6K,8.8K
olivertree,12.5M,3M,324.1K,1.8K,1.1K
lonely.moods,354.5K,815.5K,214K,5.4K,10.6K
jessnolimit999,5.3M,2.7M,264.7K,3.1K,877
sooshimango,483.4K,1.1M,100.7K,3.5K,21.7K
spider_slack,31.6M,2.6M,314.3K,1.7K,1.7K
realmadrid,11.7M,2.1M,300.5K,3K,1.5K
leanadeeb,4.2M,2.6M,426.9K,1K,1.5K
jonathanbecerraoficial,1.2M,2.3M,173.4K,1.5K,5.5K
officialturk,26.1K,1.1M,237K,7.5K,3.4K
isabuenox,2.8M,1.9M,410.4K,2.5K,1K
peachypollo,1.4M,2.3M,480.6K,749,1.7K
monabouchon_,139.1K,1.5M,127.6K,468,13.7K
monabouchon_,139.1K,1.5M,127.6K,468,13.7K
reymbayang,3.3M,2.3M,273.3K,1.9K,2.4K
noahbeck,32.8M,2.9M,342.7K,2.3K,439
limaunipisofficial,602.6K,1.5M,107.7K,1.3K,15.4K
therealhammytv,13.3M,3.7M,156.5K,884,3.8K
matheusevitoriaofc,6.9M,2M,317.9K,2.2K,2K
7iprast,3.6M,1.7M,163.5K,1.1K,8.6K
oli_natu,7.9M,2.9M,408.3K,1.2K,1.1K
sebbylaz,4.1M,1.8M,238.6K,5.5K,894
r___.89,3.5M,1.8M,299.8K,3.8K,1.3K
anwar,11.7M,2.5M,275.9K,1.3K,2.5K
blake.snider,4.6K,2.8M,150.7K,967,5.5K
alejwho,983.5K,1.5M,279.1K,2.5K,4.1K
anitta,17.2M,3.8M,263.4K,1.6K,1K
tangychu,20.9K,1.3M,259.4K,2.1K,5.7K
newt,9.4M,2.3M,378.5K,1.4K,1.6K
brookemonk_,19M,2.7M,339.6K,2K,867
psg,25.3M,2.7M,319.2K,2.2K,777
roy.0fficial,290.8K,1.2M,108.4K,432,19.6K
nicollefigueroaa,9.6M,2.5M,343K,2.5K,546
ucgj7,1.5M,1.8M,179.8K,6.2K,1.8K
startup.mp4,98K,944.3K,246.6K,4.7K,6.4K
beca,21.9M,2.3M,297.7K,3K,819
glebpiano,457.3K,3M,75K,3.1K,8.4K
emilyfauver,3.3M,2.5M,377.9K,1.3K,1.5K
mikaylanogueira,11.2M,2.2M,323.8K,3K,657
ivanovik.83,172.7K,2.3M,91.5K,1.1K,11.1K
francis.bourgeois,2.3M,2M,193K,1.6K,5K
kaan.etm,2.6M,2M,358.4K,2.8K,807
ramonvitor,2.2M,1.8M,397.9K,2.5K,1.1K
imreddtv,883.1K,3.2M,190.8K,1.2K,3.1K
scarlettsspam2,1.1M,2.2M,204.7K,4.5K,1.2K
siscakohl,10.4M,2.6M,306.5K,2.2K,986
_andrewcurtiss,2.4M,1.3M,274K,4.8K,2.5K
_xndirizlky_,11.5K,3.7M,166.5K,2.2K,1.8K
kingmajesty_princessrose,155K,1.6M,109.6K,1.3K,13K
serchexmx,123.1K,1.4M,265K,2.9K,3.7K
hoaminzy_hoadambut,4M,3.2M,345K,1.8K,423
samsung_guy,117.5K,1.8M,237.2K,4.9K,850
arbooks__,392.1K,2.1M,223.8K,2.6K,2.6K
eduincaz5,5.2M,2.8M,278.7K,1.2K,1.9K
agigigrigio,2M,3.6M,325K,1.7K,407
kienreview90,9.8M,4.5M,254.1K,1.3K,850
kallmewhateveryouwant,10.9M,1.8M,342.3K,3.2K,744
kopke613,3.6M,1.1M,141.8K,2.2K,13.2K
colewherld,4.9M,2.1M,297.2K,696,3.2K
zloinvfx,135.8K,3.3M,172.6K,899,3.3K
yordy_yor,1.2M,3.8M,146.2K,3.7K,671
countingshleeps,2.1M,1.7M,265.6K,2.8K,2.6K
jasminechiswell,15.2M,3.4M,404.4K,1.5K,212
fjerry,3M,1.4M,109.5K,3K,12.6K
roportajadam,930.1K,2.7M,157K,564,5.1K
outtpig,1.6M,1.5M,350.2K,2.2K,2.3K
qpark,30.2M,3.2M,216K,1.6K,1.8K
andcarli,6M,4.4M,234K,1.8K,500
mitzakoff,1.9M,1.3M,270.3K,2.4K,4.2K
itsjojosiwa,40.7M,3M,370.2K,1.7K,383
good.boy.ollie,2.8M,2.1M,344.3K,1.1K,2.1K
alaa.ayyman,8.2M,3.7M,364.6K,820,935
jj_olatunji4,1.6M,2.3M,334.6K,591,2.4K
leaelui,17M,2.8M,375.9K,1.1K,1.2K
innkastar,11.6M,2.6M,193.5K,4K,666
anilinom,11.8M,10.6M,136.8K,441,1.2K
mileshampton,140.3K,1.3M,299.3K,2.4K,3.5K
mastercorbuzier,2.1M,3M,215.6K,2.8K,791
djraulitooficial,605.3K,3.3M,167K,715,3.5K
brandonspam_,7.3M,2.2M,281.7K,3.2K,558
paulaverhoeven,997.5K,4.9M,232.7K,1.1K,946
madisonpettis,2.6M,2.9M,493.5K,1K,603
arianagrande,26.6M,1.4M,333.9K,3.9K,963
vekalife24,2.4M,1.5M,116.2K,459,12.6K
westbrouck,8.6M,1.9M,423.1K,2.2K,655
the.big.mike,71.5K,1.5M,176.8K,4.2K,4K
.mats.ftl,1.7M,210.2K,1.7K,4.6K,
bilalfadilii,958.4K,1.8M,210.4K,2.3K,3.7K
jaydafnwayda,3.2M,2.2M,333.4K,1.2K,1.9K
vzelivx,731.3K,2.1M,271.2K,2.6K,1.3K
benoit_chevalier,8.7M,1.7M,180.9K,3.1K,4.2K
ninogashi,1.3M,1.8M,179.7K,3.2K,3.7K
twice_tiktok_official,13.9M,1.2M,223.8K,6.5K,1.8K
beniju03,2.2M,1.6M,304.8K,3.8K,716
chourouk.model_official,4.4M,3.2M,270.5K,897,1.7K
shabiraalulaadnan,5.1M,3.2M,256.4K,1.5K,1.2K
ryskalamarcysia,1.8M,3.1M,360.9K,1.6K,403
namyulenka,6M,2M,366.2K,2.1K,901
tu.terapeuta.en.tiktok,1.6M,1.6M,328.5K,1.9K,2.3K
devincaherly,6.9M,3.6M,406.6K,1.3K,213
itsmatheuscosta,4.3M,2.1M,235.3K,1.7K,2.8K
virguleanimaleshow,850K,1.2M,190.8K,1.8K,7.7K
vtkh2004,7.7M,2.6M,321.4K,2K,588
mateuspesce,5.7M,1.7M,254.9K,2K,3K
how.kev.eats,1.8M,2.5M,323K,1.8K,926
zubarefff,2.9M,2M,300.1K,1.7K,1.9K
vancityreynolds,19.7M,2.3M,282.8K,1.6K,1.7K
clecolucci,2.9M,935.1K,165K,9.4K,4.5K
mr.v1bez,853K,1.4M,364.2K,1.9K,2.3K
nosoychaparro,2.8M,2.1M,360.3K,2.5K,320
lilyxgarcia,8.9M,1.8M,418.2K,1.9K,906
juanpazurita,12.8M,3.3M,397.7K,804,782
juandaniel.ibarra,26.6M,3.3M,353.7K,1.4K,406
juandaniel.ibarra,26.6M,3.3M,353.7K,1.4K,406
maddiebools,52.9K,1.7M,99.6K,3.6K,8.9K
abir.sag,11M,2.5M,176.9K,2.9K,1.7K
lexychaplin,3M,2M,308.2K,2.7K,595
mich_gzl,538.3K,3.1M,220.6K,730,2.2K
more.annapaul,1.5M,2.7M,447.8K,1.3K,418
ktlynraps,1.9M,2.1M,226.7K,2K,2.3K
yano4kaa.aaa,3M,1.7M,267.1K,2.2K,2.3K
baga..genius,721.6K,1.9M,279.7K,1.7K,2.2K
lelepons,26.8M,2.2M,307.4K,1.9K,1.1K
n.vv3,1.9M,3.3M,158K,3.2K,642
flakeysalt,6.2M,2.5M,352.9K,664,1.6K
kikakiim,29.5M,2.2M,296K,2.2K,918
emilymariko,10.1M,3M,321.7K,1.3K,766
milos.guzel,4.8M,1.9M,425.5K,1.7K,774
hashbrotatoes,390.1K,2.2M,342.6K,1.4K,1.3K
diana_aster,10.4M,2.7M,337.4K,1.8K,417
gabrielabee,9.3M,1.2M,248K,5.5K,1.2K
igorjansen,10.6M,2.2M,275.7K,2.4K,953
ifluent,2.8M,1.6M,174.5K,4K,3.1K
mateus_hwang,1.9M,2.1M,139.6K,5.7K,1.2K
taimmm8,1M,2M,318.8K,1.5K,1.6K
mandrake1984real,883.8K,1.4M,180.4K,982,7K
lisav_,1.9M,1.9M,370.7K,1.3K,1.4K
chadio,6.9M,1.5M,240.4K,3.6K,1.7K
rachyohumlek,1.6M,4.1M,349.7K,951,397
aiki_kr,1.8M,1.7M,363.2K,2K,1.1K
itsmenicksmithy,6.4M,1.5M,265K,3.1K,1.9K
alexiatamiraa,7.5M,2.3M,312K,2.2K,479
v1ctoryuh3.0,1.6M,1.6M,303.1K,1.7K,2.2K
taavmaki,686.9K,1.3M,217.2K,2.7K,4K
esnyrdump,603.8K,1.8M,271.6K,2.2K,1.9K
andersonprofetaa,2.5M,1.2M,151.7K,2.2K,8.2K
jason.nms,652.6K,1.5M,254.9K,2.4K,2.5K
cassholland,1.5M,2M,381.9K,1.5K,917
pokrov,16.3M,2.2M,287.6K,2.1K,895
rhyadmuslim,344K,1M,222.2K,2.4K,5.8K
bretmanrock,14M,2.6M,361.8K,1.5K,492
alvesdudas,855.7K,1.4M,349.9K,2.1K,1.8K
monika.kociolek,2.6M,1.2M,196.8K,6.6K,1.3K
sanae33359,1.7M,2.7M,224.1K,1.2K,1.9K
iben_ma,5.6M,2.5M,191.8K,3.5K,455
fes.ti_,1.2M,1.2M,264.1K,3.6K,2.3K
imanthonyvargas,6.5M,1.9M,341.4K,2.6K,268
wicsur,7M,1.6M,126.5K,8.9K,248
sxmplyni,1.6M,2.6M,248.8K,1.4K,1.4K
itsqcp,9.4M,2.5M,371.3K,1.1K,888
ssanwhere,369.4K,1.3M,237.8K,3.1K,3.1K
lizzebethmuaa,3.6M,3.6M,357.1K,721,705
crispy,1.2M,2.9M,400K,986,593
blythe,17.3M,2.3M,382.5K,1.2K,960
kmiloop,796.9K,1.2M,228.2K,1.3K,5.6K
ilhamputrayuda,1.6M,2.8M,326.3K,1.2K,814
anyaischuk,10.5M,2.7M,317.2K,1.8K,341
diegodiego_,7.2M,2.1M,258.5K,1.8K,1.6K
winnermaxyt,1.8M,2.5M,220.2K,968,2.3K
rafaelsantos,16.7M,1.8M,289.7K,2.7K,736
lkzinhu,14.3M,2.4M,346.9K,1.2K,998
mercuri_88,19M,2.7M,238.7K,1.6K,1.2K
saxcy,747.2K,2.6M,271.5K,1.3K,1.3K
mdmotivator,6.2M,2.5M,357.1K,1.4K,599
c.tangana,372.1K,4.4M,200.3K,735,1.3K
nuhchez,5.7M,1.7M,248.5K,2K,2.2K
mieayamthebstt,13M,2.4M,264.7K,2K,827
ayutingting,5.8M,2.4M,176.4K,2.1K,2.1K
yailinlamasviraloficial_,2.8M,2.5M,210K,3K,365
sehataqua,249.3K,23.3M,67.4K,647,467
jordanemel,8.7M,2.4M,183.6K,1K,3K
gingerbilly1,5.7M,1.1M,163.7K,954,8.7K
samkamusic,12.4M,1.8M,227.9K,2.7K,1.5K
jaxwritessongs,8.3M,1.9M,220.1K,2.8K,1.5K
sthefane.matos,5.1M,3.2M,261.7K,1.4K,603
son0_0,3.9M,216.8K,1.5K,514,
flickerspark_,1.2M,1.7M,446.7K,1.2K,1.1K
kostyxd,2.1M,2.1M,290.9K,1.7K,1.1K
mahalinzi,655.5K,2.7M,251.9K,1.6K,917
jesusangelperezoficial,3.5M,1.7M,186.5K,898,4.6K
tarankaaa,8M,1.7M,283.4K,2.4K,1K
its.michhh,28.6M,2.2M,340.4K,1.9K,369
aileenchristineee,5.6M,1.7M,310K,1.1K,2.1K
mads.yo,12.7M,3.1M,322.9K,954,710
itstalasafwan,3.7M,2.1M,138.2K,5.2K,502
karenos11,6.1M,2M,367.2K,2K,242
jojohfsex,1.6M,1.4M,262.1K,2.7K,1.8K
nansartt,1.3M,2.1M,422.7K,1.4K,456
aviranisha,3.6M,2.5M,310.6K,1.8K,344
03emergenxy,432.5K,3.4M,215.9K,1.7K,561
nuun____,271.8K,651.6K,118.1K,1.5K,20K
iloveyourmomscatt,8.2K,1.3M,159.3K,4.9K,3.3K
thongsoaicavip,1.6M,2.7M,172K,2.6K,971
ivanantoniochacon,7.2M,1.3M,461.6K,1.9K,806
jhekhoos,3.8M,1.9M,235.9K,1.3K,2.4K
kimpeeee,5.8M,3.4M,298.5K,507,1.1K
birdsarentreal,852.8K,1.5M,263.5K,2.4K,1.8K
markoterzo,2.5M,1.8M,168.7K,4.2K,1.2K
nnatalieaguilar,4.2M,2.8M,373.6K,702,845
halinhofficial,1M,2.6M,187.3K,2.8K,604
sosiadoneymar,6M,2.5M,179.9K,1.8K,1.8K
saadradio,1.7M,3.4M,260.2K,1.2K,670
leleburnier,1.4M,1.4M,326K,2.7K,958
thelandofboggs,5.2M,2.6M,367.7K,857,829
yuna1_27,2.2M,1.6M,291K,1.4K,2K
abaas_majid_,2M,2.1M,206.9K,2.2K,1.5K
muhammetalisarii,264.1K,2.9M,128.4K,1.4K,3K
theluciole,955K,1.7M,395.2K,2K,428
dafaatmja,9.9M,2M,162.6K,4.1K,856
pushistyk,13.3K,1.9M,272.2K,1.6K,1.6K
juliano,6.7M,2.1M,306.7K,1.6K,851
nicholas_crown,1.6M,2.9M,490.5K,863,262
oipedrodaher,3.1M,1.1M,206.6K,1.8K,5.1K
jimena.jimenezr,22.8M,1.7M,311.7K,1K,2K
mellacarli,1.7M,1.4M,220.5K,2.1K,3K
viktoriya__bars,139.7K,1.3M,56.6K,2.2K,19.4K
missmarymmouser,2.9M,1.9M,255.5K,2.7K,570
coleandersonj,1.5M,1.6M,280.5K,1.2K,2.3K
pumbacaracal,3.5M,2.1M,130.9K,3.3K,2.6K
the_green_car,168.8K,4.3M,339.8K,662,417
providingforthecommunity,313.6K,1.6M,114.6K,5.5K,3.4K
hannahstocking,25.9M,3M,338.4K,967,582
pk.99999,1.2M,1.5M,288.2K,1.7K,1.9K
lilchefmil,861.1K,3M,501.1K,678,367
jeremylynch,18.6M,1.7M,248K,2.6K,1.2K
ph1lzatiktok,2.2M,980.5K,309.2K,4K,1.1K
jack_papho69,2.8M,344.1K,766,862,
cesarpantoja.n,12.4M,2M,305.4K,2.2K,317
yajanaaa,5M,1.5M,255.3K,767,3.3K
dilaraaduman,1.9M,3.4M,175.8K,653,2K
justinbieber,23.6M,1.7M,197.5K,3.2K,1.4K
lukedonkin,2.3M,1.5M,199K,2.9K,2.3K
alexxxxan,1.7M,1.7M,307.5K,831,2.1K
monsieurpof,2.8M,1.7M,340.6K,1.8K,938
dennnyn,3.3M,1M,136.4K,773,10.5K
lauratheux,208.3K,3.5M,234.7K,846,1K
com.hyuga1117,995.5K,1.2M,199.8K,4.9K,1.5K
robegrill,10.2M,1.9M,209.5K,1.1K,2.7K
emoglam,1.5M,2.7M,307.3K,1K,806
luvtheflex,1.4M,1.9M,156.9K,3.8K,1.3K
jombospice,7.2M,2.5M,239.8K,1.9K,617
rusuh_brooo,27.5K,840.6K,150.8K,1.5K,10.4K
shandyjuragan99,1.1M,3M,183.5K,1.9K,869
pjmxck,738.7K,263.2K,2.7K,5K,
kamashrafi,48.2K,1.2M,231.6K,2.6K,2.8K
najihmumtaz,682.3K,1.6M,93.9K,4.5K,5.5K
chelseahartisme,1.5M,3.5M,138.9K,0,3.1K
gheayoubi08,7.9M,3.2M,171.1K,1.2K,1.6K
annaxsitar,11.6M,3M,461.2K,723,381
y.i.m_,177.5K,1.4M,121.3K,1.2K,7.7K
matsu_kusarine,563.9K,2.9M,186.4K,1.8K,1K
beinsports,1.2M,1.7M,213.8K,2.2K,1.9K
_mister_z,4.5M,1.6M,272.2K,2.4K,995
.shuberrr,5.8K,2M,152.7K,2.1K,2.8K
maharanikemala,3.2M,2.5M,156.2K,1.8K,2K
analisseworld,9.9M,2.1M,328.9K,967,1.2K
jairsanchezzz,6.2M,1.3M,226.9K,1.8K,3.5K
machikayt,12M,1.9M,291.1K,2.2K,558
michaelrendyw,4.6M,3.9M,293.6K,740,558
dobretwins,35.2M,1.8M,221.4K,3.3K,498
swagboyq,23.4M,3M,216.6K,1.4K,858
xoomid,8.2K,1.1M,135.3K,4.2K,5.7K
_nch04,4.8M,2.5M,209.1K,1.4K,1.4K
davidgalvanv,3.9M,2.6M,244.2K,1.5K,807
usernamepuntaktahu,587.7K,2.2M,293.3K,1.7K,595
primkung007,2.1M,1.4M,259.9K,3.5K,575
isabelgiannuzzi,1.1M,3.5M,298.1K,1.2K,187
baileyspinn,11.1M,2.3M,296.1K,2K,137
summerwalker,1.6M,1.1M,199.2K,3.3K,3.3K
huynh_quang_6767,457.6K,2.1M,185.6K,3.4K,337
bs_fo4eek,36.9K,1.9M,158.8K,2.6K,2.1K
carloandsarah,3.3M,2.4M,188.4K,1.2K,1.9K
nadaakkhaledd,2.7M,2.1M,275.9K,1.3K,1.1K
ups,92.6K,1.2M,136.7K,2.2K,6.3K
ninja,8.3M,2.3M,216.2K,1.6K,1.4K
attahalilintar,10.1M,2.6M,288.9K,1.3K,661
nam.per,1.6M,2.5M,225K,1.5K,987
leal_stephany,13.1M,1.7M,351.2K,738,1.6K
lucaslopezvilet,2.4M,1.3M,191.4K,1.3K,4.5K
vlad.hoshin,11.4M,1.1M,250.8K,4.1K,1K
kauanahofem,7M,1.8M,262.9K,1.8K,1.2K
xolyssarosexo,60.1K,1.6M,92.6K,8.7K,1.1K
joe.bartolozzi,17.8M,1.5M,296.7K,2.8K,376
maxkhadarr,1.3M,1.1M,197.6K,3K,3.4K
jacksonaces,6.2M,1.5M,93K,3K,6.9K
ninjagirldraws,3.6M,1.7M,147.1K,2K,3.5K
trien.13,491.4K,1.3M,177.1K,3.9K,2.1K
connordewolfe,5.3M,1.1M,276K,1.5K,3K
loupernaut,1.3M,2.4M,280.7K,1.8K,198
bxyeditss,419.4K,1.1M,202.5K,2.8K,3.4K
totochegang,1.4M,1.4M,275.4K,1.4K,2.3K
luciiasanese,30.1K,1.2M,186.9K,2.7K,3.6K
nickandcarrie,5.6M,1.9M,290.5K,1K,1.5K
juanchimy,2.7M,1.4M,325.1K,1.7K,1.3K
bene.schulz,5.7M,2M,254.6K,1.6K,1.1K
com.amugiri2,712.3K,1.3M,200.1K,3.8K,1.4K
goldwin.reyes,1.5M,2.5M,335.3K,964,659
lulu_pt,299.6K,1.9M,223.9K,921,2.2K
itskingchris,15.3M,1.4M,258.6K,2.2K,1.7K
fahmi.nm,7.6M,2.2M,237.4K,1.8K,748
farhanrn__,3.8M,1.7M,281.9K,1.8K,1K
liltjay,4.4M,1.8M,221.2K,2.7K,775
vilmeijuga,1.7M,169.2K,3.5K,1.1K,
faryanggaa,4.4M,1.7M,272.2K,1.9K,1K
gordeewa__13,9.5M,2.6M,214.5K,1.8K,604
fadiljaidi,7.5M,2.5M,351.6K,967,543
darianrojasc,29.4M,3.1M,445K,575,385
ibaillanos,8.9M,1.5M,260.5K,1.3K,2K
tsezy,4.8M,2M,253.5K,1.9K,735
linhkool1993,4.5M,3.3M,330.3K,954,256
rayanfahmi,3.2M,2.2M,192K,2.1K,1.1K
unnecessaryinventions,4.6M,2.2M,194.6K,2K,1.1K
basementgang,5M,1.4M,275.2K,1.4K,2.1K
bessan_esmail,10.1M,1.8M,132.1K,4.2K,1.4K
com.yuma1214,812.7K,1.3M,188.3K,3.9K,1.4K
anggun_core,3.6M,178K,1.3K,697,
xibibrothers,7.6M,1.8M,246.5K,888,2K
moni_lina,14.5M,7.7M,128.1K,367,942
avani,40.4M,1.8M,237.6K,2.1K,874
haijoel,409.5K,2.8M,167.7K,2.5K,279
samanthayve,5.8M,1.3M,205.4K,3.4K,1.4K
hoaa.hanassii,10.8M,1.6M,255.3K,2.4K,695
ryanbakery,1.1M,1.6M,171.3K,2.4K,2.4K
djprecise,3.4M,1.7M,186.4K,3.1K,897
jeffreestar,2.2M,2.1M,208.4K,2K,872
christiandaloii_,2.9M,1.5M,197.4K,2.5K,1.9K
abdullah_eltourky,6.7M,2M,235.7K,1.2K,1.4K
oironyoliveira,5.9M,1.3M,87.3K,490,10.9K
lana_mohd89,4.4M,2.1M,161.7K,2.4K,1.2K
lyrico__,2.9M,1.1M,105.6K,1.1K,10.1K
beasteater,18M,2.7M,248.4K,1.7K,208
nick.digiovanni,8.6M,2.1M,295.3K,1.2K,778
milosramen,1.3M,2.2M,272.9K,1.4K,665
steveharvey,9.2M,1.8M,176.8K,1.7K,2.4K
ngoanhtan1,777.6K,1.6M,153.1K,2.7K,2.4K
gemelasabello2,13.2M,2.6M,293.2K,693,950
creatorar,624.1K,1.7M,141.3K,733,4.4K
vanrezaputra,320.1K,1.9M,163.3K,2.3K,1.8K
bestluxurycars,3K,769.5K,136.9K,1.4K,10.2K
johaanzu,3.6M,1.7M,320.2K,1.6K,716
nelyrall,4.6M,1.1M,214.5K,1.9K,3.5K
leigh_mcnasty,2.8M,1M,157K,1.3K,6.1K
xo4y_remont56,82.9K,2.7M,67.4K,589,6K
sofarsabi,5.5M,2.1M,208.4K,2.2K,584
cerolzera,4.1M,1.7M,180.4K,2.7K,1.3K
animalize21,10.3M,2M,248.1K,1.4K,1K
itspierreboo,12.5M,1.9M,278.3K,1.6K,753
lorengray,54.3M,1.8M,248.4K,1.5K,1.2K
football.tonight,391.5K,2M,152.2K,2.3K,1.6K
danielmidas,281.8K,1.4M,119.1K,1.6K,5.5K
laila_mahmoud62,3M,3.4M,204.7K,772,931
quintongriggs,6.4M,1.4M,169.8K,3.3K,1.7K
erictro,2.2M,3.7M,358.8K,453,438
doongool,3.1M,2.2M,255K,1.1K,1K
madozilla,5.7M,888.9K,194.4K,3.9K,2.9K
anxietycouple,10.7M,2.6M,274.9K,765,886
nildachiaraviglio,798.9K,1.3M,117.9K,723,7K
haccon.01,325.1K,1.9M,157.8K,3.6K,314
fukada0318,2M,150.8K,2.6K,1.3K,
ahmedbasyoni,1.2M,1.7M,125.9K,2.4K,3K
sinadeinert,5.5M,967.7K,207.5K,4.6K,1.2K
austinandlexi,3.2M,1.3M,253.3K,1.5K,2K
jayrscottyy,2.3M,900.6K,173.1K,3.7K,3.7K
manja_faiez,593.1K,1.5M,128K,2.2K,3.8K
moontellthat,13.1M,2.3M,156.9K,1.7K,1.6K
baraa.bolat,1.6M,2.3M,143.9K,2.5K,959
yurika_aruno,2.8M,1.3M,209.9K,2.9K,1.3K
360tv,9.9M,2M,162K,3K,461
its.__yara,749.5K,1.1M,65.4K,7.3K,8.6K
ava_love33,2.7M,1.5M,299.5K,2.1K,471
mohaimen.alaa,2.9M,1.2M,190.4K,3.5K,1.5K
officialsalicerose,18.6M,1.1M,201.3K,1.8K,3.4K
hisoyvaleria,2.7M,354.7K,803,380,
saaihalilintar,4.3M,3M,272.4K,893,492
pierson,12.5M,2M,287K,1.7K,306
mursid241,2.2M,2.4M,179.1K,2.3K,416
stayc_official,1.3M,1.6M,181.1K,2.9K,1K
liamsilk,6.9M,890.6K,249.6K,2.6K,2.5K
deangerald,382K,1.3M,193.9K,607,3.8K
polya_tuti,2.3M,3.1M,250.6K,711,730
trevorwallace,7.3M,1.5M,208.7K,759,2.8K
jarvali,2.2M,1.2M,251.7K,2.1K,1.6K
gertieinar,2.5M,4M,162.3K,904,835
_angelomarasigan,484K,1.4M,206.7K,2.1K,1.8K
lupinelakes,81.4K,1.9M,376.2K,781,811
jauncydev,1.5M,1.1M,172K,1.3K,4.6K
ivoryowl,1.1M,1.4M,238K,1.8K,1.5K
joshrichards,25.6M,2.2M,297.8K,991,691
haga7_dayo,1.7M,2.8M,120.9K,914,2.3K
itsmenicksmithy2,9.8M,1.6M,217K,1.9K,1.4K
so_andreyy,541.1K,2.2M,111.8K,537,4K
la.maraaa,6.1M,959.7K,213.9K,5.1K,277
paulorgds,375.9K,1.4M,224.9K,1.3K,2.2K
murphslife,4.7M,1.5M,173.4K,1.4K,2.8K
okthatscreepy,366.8K,3.1M,144.3K,1.2K,1.3K
dylanpage.ning,2.5M,1.2M,196.9K,2.8K,1.9K
fabiola.baglieri,11.6M,2.4M,288.7K,1.3K,294
tnt_500,24.1K,1.7M,236.5K,1.2K,1.6K
rawanfahmii,3.4M,1.8M,189.7K,1.7K,1.5K
bigcheese8581,1.3M,187.3K,581,4K,
demin02_,1M,1.4M,223.4K,1.9K,1.6K
charlyokei,3.7M,2.4M,300.1K,914,583
pollyjaewebster,158.4K,1.6M,188.8K,2.2K,1.4K
leventgeiger,3.1M,1.2M,165.5K,2.6K,2.9K
floofnoodles,17M,1.3M,154K,1.8K,3.8K
stwartabdala,538.8K,932.6K,79.2K,905,13.6K
com.yuta0305,1M,949.1K,179.7K,4.3K,2K
kxmzzzy,370.1K,2M,218.3K,999,1.4K
faulox_,6.8M,1.7M,172.4K,2.7K,1K
yourrkayesss,4.8M,1.1M,169K,3.2K,2.8K
oliviaalpert,52.7K,2.6M,139.1K,1.9K,996
brodywellmaker,20.3M,1.8M,229.8K,1.3K,1.3K
ranierao,18.1K,929.9K,251.6K,2.6K,1.9K
antrobo10,545K,850.4K,128.1K,2.3K,7.2K
therealmaneskin,5.4M,1.1M,214K,2.9K,1.5K
gustavomeloof,4.6M,1.2M,86.8K,1.3K,8.6K
samsamne0,709.4K,2.1M,187.7K,1.8K,893
bassant33,4.5M,2.7M,162.2K,1.6K,793
aichangemoy_,6.6M,1.7M,191.2K,2.5K,680
jaytorresss,3.8M,1.8M,242.7K,844,1.6K
xvusex,21.1K,951.6K,199.1K,1.3K,4.1K
sibenitoo,4.7M,2.2M,140K,1.7K,1.7K
jumpersjump,6.4M,2.1M,220.1K,1.7K,486
williesalim,8.3M,1.9M,148.2K,2.9K,713
itsari.aleise,11.8M,1.7M,322.8K,1.6K,359
arilbjn,51.3K,1.3M,221.9K,955,2.7K
camxnie,3.2M,1.4M,173.9K,544,3.7K
cristobalsoria,572K,1.2M,120.2K,4.4K,2.7K
japeth023,557.9K,1.5M,194.2K,1.6K,1.9K
venao2323,4.2M,1.5M,166.6K,1K,3K
kuki_yt,1.8M,1.5M,315.7K,1.3K,774
ozikoy,6.9M,2.2M,186.4K,1.2K,1.3K
swaghoe666,1.4M,2.1M,306.5K,1.1K,501
robsonabreu,3.2M,1.4M,82K,8.3K,470
juliagisella,10.2M,784.4K,186.9K,3.1K,3.7K
andreslleal,2.8M,1.7M,91.6K,3.7K,2.9K
gabryellurlan,6.8M,1.4M,221.9K,1.2K,2.1K
kagramanana,6.2M,1.2M,184.1K,1K,3.5K
yizaroff,4M,1.4M,225.1K,2.6K,611
adamw,15.7M,1.8M,179.5K,1.1K,1.9K
xoteam,32.1M,2.1M,222.9K,1.6K,481
saydenseay,3.3M,938.9K,257.3K,1.6K,2.5K
justthenobodys,7.1M,1.4M,175.8K,2.2K,1.8K
snerixx,8M,1.9M,369.2K,1K,361
valenrewah,7.5M,2.4M,272.6K,929,605
cheekyboyos,10.9M,1.8M,252.8K,1.3K,867
cokodive,188.5K,871.1K,172.5K,2.8K,3.7K
_tusya_kiskis,6.7M,1.4M,161.2K,1.5K,2.8K
danaandthewolf,187.3K,2.5M,252.5K,824,712
pakoyaso_,9.5M,1.8M,216.1K,1.2K,1.4K
zhenyalavrik,364.5K,3.2M,69.4K,1.8K,2.6K
teukuryantr,3.1M,1.7M,236.8K,1.3K,1.1K
jamescharles,36.1M,1.7M,191.6K,2.2K,752
zhenyalavrik,364.5K,3.2M,69.4K,1.8K,2.6K
teukuryantr,3.1M,1.7M,236.8K,1.3K,1.1K
jamescharles,36.1M,1.7M,191.6K,2.2K,752
cardncyn,1.5M,2.5M,271.1K,791,623
mariahandbill,2.7M,217.8K,1.2K,462,
jamal.jamael,2.6M,1.4M,203.4K,2.4K,991
nastasyashinee,4.9M,2.5M,154.5K,1.6K,880
riska_nurwidia,2.6M,2.5M,276.8K,623,755
ermo1enko,1.7M,1.7M,326.3K,870,849
mackenzieziegler,22.1M,2.1M,325.5K,1K,380
yarenalaca,5.4M,1.6M,119.2K,4.6K,513
gabrielvalland,958.2K,1.1M,257.9K,1.7K,1.7K
judiitharias,3.1M,302K,763,249,
adamrayokay,6.8M,1.9M,217.6K,1.7K,629
ethob0t,534.2K,2.4M,203.1K,1.3K,668
soylapizito,13.3M,2.1M,277.2K,1.2K,442
fadeewa_makeup,760.2K,1.3M,113.2K,1.7K,4.6K
rosssmith,21.8M,1.4M,263.3K,814,1.7K
bentleybuilds,72K,3.1M,77.6K,826,3.1K
edwinmendozza,14.2M,1.8M,393.6K,1K,349
cocielo,4.3M,1.3M,204.6K,1.5K,2K
riqqo_,66K,2.9M,170.3K,1.5K,361
lgndfrvr,15.8M,1.9M,241.3K,670,1.3K
jajad5,630.8K,982.4K,263.8K,2.1K,1.5K
cocinaconcoqui,2M,1.4M,278.3K,628,1.7K
rucenuenda1,1.1M,1.6M,280.9K,1.5K,589
thaotaotau,5.1M,2.5M,267.9K,1.2K,237
brycehall,21.3M,2.4M,283.2K,901,476
just_dt,8.9M,1.1M,198.6K,1.8K,2.5K
seleterr,27.1K,1.5M,180.5K,807,2.5K
teamsport_philipp,23.2K,957.2K,140.4K,2.1K,4.6K
arananadam38,175.1K,2M,60K,967,6.6K
mngnzls,13M,2.6M,191.1K,1.5K,310
niico_pr,1.1M,1.4M,197.7K,1.9K,1.3K
keemokazi,26M,2.1M,256K,1.4K,293
vivi,10.3M,1.7M,224.7K,2K,412
german_crusader,99K,902.5K,149K,1.6K,5.1K
whitehernandez,112.6K,1.4M,229.7K,1.4K,1.4K
shyazryne,86.2K,2.9M,316K,595,373
rozhkova.olesya,850K,1.5M,197.2K,964,2.1K
mosqvin_,2.6M,1.9M,348.5K,714,637
sepultacion,6.4M,1.3M,301.4K,1.9K,404
kaansanity,4.9M,1.1M,86.4K,569,8.8K
dizzlipin,909.6K,1.9M,79.9K,5.5K,356
aldomirandar,8.4M,1.3M,212.7K,605,2.7K
nicolebernaal,4M,2.2M,351.3K,957,195
bellaretamosa,5.1M,2.5M,340.4K,901,145
tunico80,5.8M,1M,206.8K,2K,2.1K
armon.warren,1.2M,1.9M,300.8K,904,630
soanhvadiephihi,1.6M,2.6M,273.2K,720,530
